http://i.imgur.com/Sakrt5K.jpg,Icebreaker Kodiak Jacket,170.00
http://i.imgur.com/gMukUrb.jpg,Microsoft Wedge Mobile Keyboard,40.00
http://i.imgur.com/1fq3iqk.jpg,Audi,8800.00
http://i.imgur.com/pcn6e4M.jpg,Jaguar Vanden Plas Sedan,4900.00
http://i.imgur.com/so4W46k.jpg,Antique Toy,2200.00
http://i.imgur.com/5EWneD4.jpg,Gone With The Wind Plat,25.00
http://i.imgur.com/OAwmIKH.jpg,Motorycle Alarm System,250.00
http://i.imgur.com/3IwBr1N.jpg,Ice Watch Brand New,59.00
http://i.imgur.com/eOg3VVS.jpg,Quinny Buzz St,275.00
http://i.imgur.com/4PcFegX.jpg,Htc One Unlocked,140.00
http://i.imgur.com/vNfMar2.jpg,Gucci Mens Watch,950.00
http://i.imgur.com/IGIsGPi.jpg,Thumbox Powertube Phone Battery Charg,35.00
http://i.imgur.com/Eg6pTZH.jpg,Trade Show Booth,500.00
http://i.imgur.com/lcszCtF.jpg,ntone The Sweet Ped,175.00
http://i.imgur.com/fZlFlJk.jpg,Lg Watch,80.00
http://i.imgur.com/wgQvR90.jpg,Washerlaundry Machin,150.00
http://i.imgur.com/3XWIrlD.jpg,White Bar Stools,45.00
http://i.imgur.com/GAltwjd.jpg,Washinglaundry Machin,150.00
http://i.imgur.com/ZtgYCj9.jpg,Volkswagen Jett,8300.00
http://i.imgur.com/gD2IXrP.jpg,Tv Stand,299.00
http://i.imgur.com/SBDpmxY.jpg,Apple Watch Pink,800.00
http://i.imgur.com/jkrZSFZ.jpg,Gold Plated Apple Watch,59.00
http://i.imgur.com/UW5sOxP.jpg,msung Gear Watch,100.00
http://i.imgur.com/kRtDAZZ.jpg,Brand New Lg Watch,100.00
http://i.imgur.com/M7umA4o.jpg,Apple Watch Brand New,2000.00
http://i.imgur.com/vUbF1kd.jpg,Wheelchai,175.00
http://i.imgur.com/iDPBSrU.jpg,The Mountains,1000000.00
http://i.imgur.com/1HFIRWy.jpg,Volkswagen Passat,3999.00
http://i.imgur.com/eVEfbDF.jpg,Infant Boppy Loung,30.00
http://i.imgur.com/gjHamob.jpg,Leather Tanbeige Loveseat,150.00
http://i.imgur.com/6j5G1XW.jpg,Csi Crime Scene Investigation,129.00
http://i.imgur.com/5ztQSUJ.jpg,Butterfly Hair Accessories,5.00
http://i.imgur.com/75iHKuL.jpg,Bar Stools New,199.00
http://i.imgur.com/YRjtbjC.jpg,Vases,5.00
http://i.imgur.com/wBiI4fx.jpg,Chandelier From Ethan Allen,100.00
http://i.imgur.com/XDBu7IN.jpg,torage Cabinet,100.00
http://i.imgur.com/NTjmmw2.jpg,Chevy Track,2800.00
http://i.imgur.com/cfAspKI.jpg,Vintage Wine Hold,20.00
http://i.imgur.com/f6NGqmX.jpg,Oil Boiler Hot Wat,750.00